message_id,sender,date,text,views,replies,channel
20044310,7517205512,2026-08-24 11:53:03+00:00,thank you very much Big brother,,,binanceexchange
20044309,977295348,2026-08-24 11:52:25+00:00,"You can actually send message to Marchant, if you have any restriction or issues related to your binance account kindly chat binance live support. https://www.binance.com/en/chat",,,binanceexchange
20044307,604089790,2026-08-24 11:48:53+00:00,Check messages. Sir,,,binanceexchange
20044306,7517205512,2026-08-24 11:39:13+00:00,actually when I trad in p2p there's fixed template I cannot Free chat with buyer's,,,binanceexchange
20044304,6753988569,2026-08-24 11:38:04+00:00,Today maybe🤭🤭,,,binanceexchange
20044303,977295348,2026-08-24 11:33:55+00:00,Hi what's wrong?,,,binanceexchange
20044302,7637257589,2026-08-24 11:32:50+00:00,,,"MessageReplies(replies=0, replies_pts=29768118, comments=False, recent_repliers=[], channel_id=None, max_id=None, read_max_id=None)",binanceexchange
20044300,5340705899,2026-08-24 11:24:59+00:00,Winner's Will Be Announced Soon Maybe Today Or Tomorrow.,,,binanceexchange
20044299,918503070,2026-08-24 11:23:01+00:00,1st week of sept,,,binanceexchange
20044298,5000225489,2026-08-24 11:22:19+00:00,"Hi guys, have there been results for this competition yet?",,,binanceexchange
20044297,7517205512,2026-08-24 11:21:10+00:00,hi everyone i m living Dubai can I asked you admin I cannot Free chat in my binance,,"MessageReplies(replies=4, replies_pts=29768118, comments=False, recent_repliers=[], channel_id=None, max_id=20044310, read_max_id=None)",binanceexchange
20044296,6527617781,2026-08-24 11:07:25+00:00,"Yes thanks, inspired by the current fluctuated market💪✌️",,,binanceexchange
20044293,7313878571,2026-08-24 10:55:55+00:00,,,"MessageReplies(replies=0, replies_pts=29768117, comments=False, recent_repliers=[], channel_id=None, max_id=None, read_max_id=None)",binanceexchange
20044292,8545784846,2026-08-24 10:54:46+00:00,1,,,binanceexchange
20044289,6753988569,2026-08-24 10:47:24+00:00,Liquidity pools are funds locked in smart contracts that help power decentralized trading,,"MessageReplies(replies=0, replies_pts=29768117, comments=False, recent_repliers=[], channel_id=None, max_id=None, read_max_id=None)",binanceexchange
20044288,6283677931,2026-08-24 10:45:02+00:00,,,"MessageReplies(replies=0, replies_pts=29768117, comments=False, recent_repliers=[], channel_id=None, max_id=None, read_max_id=None)",binanceexchange
20044286,7333355063,2026-08-24 10:42:42+00:00,Great quote to start week,,,binanceexchange
20044285,485980819,2026-08-24 10:39:00+00:00,Holla can I ask about design competition progress?,,"MessageReplies(replies=0, replies_pts=29768117, comments=False, recent_repliers=[], channel_id=None, max_id=None, read_max_id=None)",binanceexchange
20044284,6753988569,2026-08-24 10:37:42+00:00,Good morning madam,,,binanceexchange
20044283,6052659858,2026-08-24 10:31:28+00:00,6iago3cq,,"MessageReplies(replies=0, replies_pts=29768117, comments=False, recent_repliers=[], channel_id=None, max_id=None, read_max_id=None)",binanceexchange
20044282,604089790,2026-08-24 10:27:51+00:00,Chek DM,,,binanceexchange
20044281,6283677931,2026-08-24 10:27:30+00:00,,,,binanceexchange
20044279,5949781266,2026-08-24 10:26:25+00:00,Can you share your case ID with me please,,,binanceexchange
20044278,6283677931,2026-08-24 10:26:15+00:00,,,"MessageReplies(replies=0, replies_pts=29768117, comments=False, recent_repliers=[], channel_id=None, max_id=None, read_max_id=None)",binanceexchange
20044277,6283677931,2026-08-24 10:26:14+00:00,,,"MessageReplies(replies=0, replies_pts=29768115, comments=False, recent_repliers=[], channel_id=None, max_id=None, read_max_id=None)",binanceexchange
20044276,6283677931,2026-08-24 10:26:11+00:00,,,"MessageReplies(replies=0, replies_pts=29768117, comments=False, recent_repliers=[], channel_id=None, max_id=None, read_max_id=None)",binanceexchange
20044274,6283677931,2026-08-24 10:26:10+00:00,,,"MessageReplies(replies=1, replies_pts=29768115, comments=False, recent_repliers=[], channel_id=None, max_id=20044281, read_max_id=None)",binanceexchange
20044273,604089790,2026-08-24 10:25:45+00:00,Can this be expedited? I really need those funds.,,,binanceexchange
20044272,1316232793,2026-08-24 10:24:42+00:00,Good morning 🌞,,,binanceexchange
20044271,6283677931,2026-08-24 10:24:39+00:00,,,"MessageReplies(replies=0, replies_pts=29768117, comments=False, recent_repliers=[], channel_id=None, max_id=None, read_max_id=None)",binanceexchange
20044270,1681737450,2026-08-24 10:23:04+00:00,,,,binanceexchange
20044269,5949781266,2026-08-24 10:23:01+00:00,"Withdrawal restrictions may be applied temporarily due to security checks, recent account changes, or an ongoing account review. Please check your email and any in-app notification for the reason. 

You can also contact contact Customer Support at https://www.binance.com/en/chat for further checking. Once you have the case id, please share with me so I can help follow up with the team.",,,binanceexchange
20044268,6527617781,2026-08-24 10:20:09+00:00,"**""Set the standard today. Small wins on Monday compound into major success by Friday.""** 🔥💻

**Have a powerful start to the week, family!** 🚀☀️

**#BinanceWithPurpose**",,"MessageReplies(replies=2, replies_pts=29768117, comments=False, recent_repliers=[], channel_id=None, max_id=20044296, read_max_id=None)",binanceexchange
20044267,7062717947,2026-08-24 10:16:40+00:00,Hi how are you,,,binanceexchange
20044265,5340705899,2026-08-24 10:14:35+00:00,Good morning ma,,,binanceexchange
20044263,6283677931,2026-08-24 10:03:57+00:00,,,"MessageReplies(replies=0, replies_pts=29768116, comments=False, recent_repliers=[], channel_id=None, max_id=None, read_max_id=None)",binanceexchange
20044262,604089790,2026-08-24 10:03:49+00:00,"My account has been frozen and I cannot make withdrawals, even though I haven't committed any violations or engaged in illegal transactions.",,,binanceexchange
20044259,6283677931,2026-08-24 10:00:46+00:00,,,"MessageReplies(replies=0, replies_pts=29768115, comments=False, recent_repliers=[], channel_id=None, max_id=None, read_max_id=None)",binanceexchange
20044257,210944655,2026-08-24 09:58:05+00:00,"Check this user `7480262806`, potential spammer.",,"MessageReplies(replies=0, replies_pts=29768117, comments=False, recent_repliers=[], channel_id=None, max_id=None, read_max_id=None)",binanceexchange
20044255,6283677931,2026-08-24 09:56:40+00:00,GM🔶💛🌅,,,binanceexchange
20044254,6283677931,2026-08-24 09:52:56+00:00,GM🌅🔶💛,,,binanceexchange
20044253,6283677931,2026-08-24 09:52:36+00:00,GM🔶💛,,,binanceexchange
20044252,5949781266,2026-08-24 09:52:35+00:00,"Binance P2P requires the name on the payment account to match the user’s verified Binance identity. This helps prevent third-party payments, unauthorized account use, and later payment disputes.",,,binanceexchange
20044251,927562222,2026-08-24 09:50:00+00:00,What's the motive? He should only care about the money rather than checking payment account belongs to whom?,,,binanceexchange
20044250,8012925498,2026-08-24 09:49:51+00:00,"Hello Adi, please ask your question and how can I help you?",,,binanceexchange
20044249,1885696330,2026-08-24 09:45:03+00:00,Good morning 😁❤️,,,binanceexchange
20044248,604089790,2026-08-24 09:44:01+00:00,Admin help,,"MessageReplies(replies=7, replies_pts=29768117, comments=False, recent_repliers=[], channel_id=None, max_id=20044307, read_max_id=None)",binanceexchange
20044247,8792279681,2026-08-24 09:22:28+00:00,GM,,,binanceexchange
20044246,6883862975,2026-08-24 09:20:31+00:00,Happy new week ✨️,,,binanceexchange
20044245,611740329,2026-08-24 09:19:43+00:00,likewise,,,binanceexchange
20044244,7333355063,2026-08-24 09:13:33+00:00,"Good morning mam , have a good week ahead 😁",,,binanceexchange
20044243,7849002538,2026-08-24 09:13:03+00:00,Good morning ✨️,,,binanceexchange
20044242,611740329,2026-08-24 09:11:27+00:00,,,"MessageReplies(replies=11, replies_pts=29768118, comments=False, recent_repliers=[], channel_id=None, max_id=20044284, read_max_id=None)",binanceexchange
20044241,1765417106,2026-08-24 09:03:52+00:00,Hello friends Good day.,,"MessageReplies(replies=1, replies_pts=29768117, comments=False, recent_repliers=[], channel_id=None, max_id=20044267, read_max_id=None)",binanceexchange
20044240,5949781266,2026-08-24 09:01:16+00:00,"Hi
Could you please contact @BinanceResolutions on Telegram for assistance in reviewing your ban from the Binance Pakistan community? Please keep us updated, and let us know if you have any questions during the process.",,,binanceexchange
20044239,5949781266,2026-08-24 08:57:20+00:00,"You may refer to this FAQ for common reasons a card payment may fail and the steps you can take: https://www.binance.com/en/support/faq/detail/93f6204eb3c8420c96c3dec681f2bc2c

If the issue continues, please contact our Customer Support team for an account-specific review:
https://www.binance.com/en/chat 
If you have a Case ID, you may share it with us for follow-up.",,,binanceexchange
20044238,5949781266,2026-08-24 08:52:31+00:00,The next Binance Launchpool and its start date have not been officially announced yet. Please stay tuned to the Launchpool page for the latest confirmed updates: https://www.binance.com/en/support/announcement https://www.binance.com/en/launchpool,,,binanceexchange
20044237,977295348,2026-08-24 08:52:24+00:00,Introducing Binance Agent OS: Built for AI Agent Integration 💪 https://www.binance.com/en/blog/ecosystem/5991233187660196794?ref=UE06QWNK&utm_source=EnglishTelegram&utm_medium=GlobalCommunity&utm_campaign=EnglishAngels,,"MessageReplies(replies=0, replies_pts=29768117, comments=False, recent_repliers=[], channel_id=None, max_id=None, read_max_id=None)",binanceexchange
20044236,5949781266,2026-08-24 08:48:20+00:00,"Please contact our Customer Support team at https://www.binance.com/en/chat so they can review the transaction details. If you already have a Case ID, you may share it with us for follow-up.",,,binanceexchange
20044234,6283677931,2026-08-24 08:45:55+00:00,🫢😁,,,binanceexchange
20044233,5949781266,2026-08-24 08:45:22+00:00,"To start trading, complete Identity Verification and add funds to your Binance account. If you’re new, you can also practise first with Binance Demo Trading using virtual funds. Only trade with funds you can afford to lose.
https://www.binance.com/en/support/faq/detail/9be58f73e5e14338809e3b705b9687dd",,,binanceexchange
20044232,6283677931,2026-08-24 08:45:19+00:00,😁😁,,,binanceexchange
20044231,5949781266,2026-08-24 08:41:22+00:00,"If you mean how to get crypto on Binance, first create an account and complete Identity Verification. You can then tap Add Funds or Buy Crypto and choose an available option, such as a bank transfer, credit/debit card, or P2P. If you already own crypto elsewhere, you may also deposit it into Binance—just make sure the coin and network match. Binance cannot recommend which coin to buy, so please research before making a decision.
https://www.binance.com/en/support/faq/detail/c780097f75dd450a82d17f1e84153276",,,binanceexchange
20044230,5949781266,2026-08-24 08:39:10+00:00,"If the fake account is impersonating Binance, please do not engage with it or share any personal or account information. You may send the profile link and screenshots privately to Binance Support at https://www.binance.com/en/chat

You can also check whether a Binance-related account is official through Binance Verify: https://www.binance.com/en/official-verification",,,binanceexchange
20044227,5949781266,2026-08-24 08:33:45+00:00,"For INR P2P ads, a Verified Merchant may request additional KYC, such as a liveness check, Aadhaar, or PAN, to confirm your identity and that the payment account belongs to you. Do not share documents through Telegram, WhatsApp, or other external channels. 
https://www.binance.com/en/support/faq/detail/7d5e5c8d297c4c148fd87a9b7f9fa813
Any follow up question regrading your transaction, you may contact us at https://www.binance.com/en/chat",,,binanceexchange
20044226,5949781266,2026-08-24 08:30:15+00:00,"Thank you for providing the detailed information and for cooperating throughout the verification process. 

Could you please share your Case ID with us so we can follow up with the relevant team?",,,binanceexchange
20044225,210944655,2026-08-24 08:10:04+00:00,`7301074949` is spamming with codes.,,"MessageReplies(replies=0, replies_pts=29768117, comments=False, recent_repliers=[], channel_id=None, max_id=None, read_max_id=None)",binanceexchange
20044224,210944655,2026-08-24 08:10:04+00:00,`7301074949` might be spamming with codes.,,"MessageReplies(replies=0, replies_pts=29768117, comments=False, recent_repliers=[], channel_id=None, max_id=None, read_max_id=None)",binanceexchange
20044222,8393629670,2026-08-24 07:56:55+00:00,Morning,,,binanceexchange
20044221,7333355063,2026-08-24 07:55:24+00:00,Gm sir,,,binanceexchange
20044220,977295348,2026-08-24 07:54:24+00:00,Good morning everyone,,"MessageReplies(replies=2, replies_pts=29768117, comments=False, recent_repliers=[], channel_id=None, max_id=20044253, read_max_id=None)",binanceexchange
20044219,977295348,2026-08-24 07:54:15+00:00,,,"MessageReplies(replies=1, replies_pts=29768117, comments=False, recent_repliers=[], channel_id=None, max_id=20044221, read_max_id=None)",binanceexchange
20044218,210944655,2026-08-24 07:49:10+00:00,"👩🏼‍💻 Bh Pralhad, are you searching for **Customer Support?**

ℹ️ If you encounter problems while using Binance services, you can seek solutions on Binance Live Chat by clicking [HERE ](https://binance.com/en/chat?ref=UE06QWNK&utm_source=EnglishTelegram&utm_medium=GlobalCommunity&utm_campaign=InfoBot)or from the mobile app. The AI bot will suggest solutions based on the information that you provide. 

ℹ️ **To Talk to CS Agent (Human Operator).
**
**Click ""Unsolved"" after bot gave an answer, followed by ""Not relevant"" button and then you get the option ""Transfer to Customer Service""**

ℹ️ You can also search for answers by visiting the [Binance FAQ](https://www.binance.com/en/support/faq?ref=UE06QWNK&utm_source=EnglishTelegram&utm_medium=GlobalCommunity&utm_campaign=InfoBot) page in English; if you still cannot find a solution, please contact a live operator via Binance Live Chat using the guide from [HERE](https://www.binance.com/en/support/faq/how-to-use-binance-support-7b0fd3ccb821483a99ff8f5cda374ee9?ref=UE06QWNK&utm_source=EnglishTelegram&utm_medium=GlobalCommunity&utm_campaign=InfoBot).

⚠️ Ignore any form of private messages, administrators or angels will NEVER contact you via a private message. Choosing to answer any **private messages** represents a high **security risk**. Block and ignore any requests!",,"MessageReplies(replies=0, replies_pts=29768115, comments=False, recent_repliers=[], channel_id=None, max_id=None, read_max_id=None)",binanceexchange
20044217,8012925498,2026-08-24 07:49:09+00:00,#support,,,binanceexchange
20044216,927562222,2026-08-24 07:36:29+00:00,Why p2p merchant is asking for liveness check& my adhar pan card?,,"MessageReplies(replies=4, replies_pts=29768117, comments=False, recent_repliers=[], channel_id=None, max_id=20044252, read_max_id=None)",binanceexchange
20044215,210944655,2026-08-24 07:16:28+00:00,"Holle | Aster has permanently banned Dora💞
Reason: Xxx",,"MessageReplies(replies=0, replies_pts=29768117, comments=False, recent_repliers=[], channel_id=None, max_id=None, read_max_id=None)",binanceexchange
20044203,210944655,2026-08-24 07:01:34+00:00,"ℹ️ As part of our ongoing efforts to better reach users around the world, Binance has created a multitude of community groups for users to socialize. In addition to supporting many major languages on our website and app, we also provide [live customer support in 17 languages](https://www.binance.com/en/support), with 24/7 support available for 10 languages, with those numbers expecting to grow in the future. 

[API ](https://t.me/binance_api_english) |
[AF 🇫🇷](https://t.me/Binance_Afrique) | [AGO 🇦🇴](https://t.me/BinanceAngola) | [AR 🇦🇲](https://t.me/Binance_Armenian) | [ARG 🇦🇷](https://t.me/binanceargentinaoficial) | [AU 🇦🇺](https://t.me/binanceaustralia) | [BD 🇧🇩](https://t.me/BinanceBangladeshi) | [BR 🇧🇷](https://t.me/BinancePortuguese) | [CN 🇨🇳](https://t.me/BinanceChinese) | [EA 🌍](https://t.me/BinanceEastAfrica) | [ES 🇪🇸🌍](https://t.me/BinanceSpanish) | [ESP 🇪🇸](https://t.me/Binance_ESP) | [ETH 🇪🇹](https://t.me/binancethiopia) | [FR 🇫🇷](https://t.me/BinanceFrench) | [ID 🇮🇩](https://t.me/Binance_Academy_ID) | [IN 🇮🇳](https://t.me/BinanceIndian) | [IT 🇮🇹](https://t.me/BinanceItalian) | [KZ 🇰🇿](https://t.me/binance_kz) | [KH 🇰🇭](https://t.me/BinanceKhmer) | [KGZ 🇰🇬](https://t.me/BinanceKyrgyz) | [LA 🇱🇦](https://t.me/BinanceLaotian) | [LK 🇱🇰](https://t.me/binancesrilanka) | [MN 🇲🇳](https://t.me/BinanceMongolian) | [MM 🇲🇲](https://t.me/BinanceBurmese) | [NG 🇳🇬](https://t.me/BinanceNigeria) | [NP 🇳🇵](https://t.me/BinanceNepali) | [PK 🇵🇰](http://t.me/binancepakistani) | [PL 🇵🇱](https://t.me/Binance_Polish) | [RW 🇷🇼](https://t.me/Binance_RwandaBurundi) | [RU 🇷🇺](https://t.me/BinanceRussianSpeaking) | [SA 🇸🇦](https://t.me/BinanceArabic) | [TR 🇹🇷](https://t.me/TRBinanceTR) | [TR 🇹🇷🌍](https://t.me/BinanceTurkish) | [UA 🇺🇦](https://t.me/BinanceUkrainian) | [UAE 🇦🇪](https://t.me/BinanceMENAEnglish) | [UZ 🇺🇿](https://t.me/binance_uz_community) | [VN 🇻🇳](https://t.me/BinanceVietnamese) | [WA 🌍](https://t.me/binancewestafrica) | [ZA 🇿🇦](https://t.me/BinanceSouthAfrica) 

⚠️ If assistance is ever required, please don't hesitate to reach our team of experts [here](https://binance.com/en/chat/).",,"MessageReplies(replies=0, replies_pts=29768117, comments=False, recent_repliers=[], channel_id=None, max_id=None, read_max_id=None)",binanceexchange
20044202,6883862975,2026-08-24 07:01:33+00:00,#communities,,,binanceexchange
20044201,2086418073,2026-08-24 07:01:11+00:00,"Don’t use other languages here, for others languages join local communities",,,binanceexchange
20044198,2086418073,2026-08-24 07:00:17+00:00,Good Morning bro💛,,,binanceexchange
20044197,210944655,2026-08-24 06:58:57+00:00,"Combot has warned Geronimo (1)
Reason: Using forbidden words",,"MessageReplies(replies=0, replies_pts=29768117, comments=False, recent_repliers=[], channel_id=None, max_id=None, read_max_id=None)",binanceexchange
20044195,1681737450,2026-08-24 06:58:34+00:00,GM,,"MessageReplies(replies=0, replies_pts=29768117, comments=False, recent_repliers=[], channel_id=None, max_id=None, read_max_id=None)",binanceexchange
20044194,6883862975,2026-08-24 06:54:48+00:00,How are you,,,binanceexchange
20044193,6690546079,2026-08-24 06:50:35+00:00,Good Morning!!,,,binanceexchange
20044192,7777656733,2026-08-24 06:49:15+00:00,I'm good,,,binanceexchange
20044191,6883862975,2026-08-24 06:49:11+00:00,Good morning ✨️,,"MessageReplies(replies=2, replies_pts=29768118, comments=False, recent_repliers=[], channel_id=None, max_id=20044194, read_max_id=None)",binanceexchange
20044190,6690546079,2026-08-24 06:49:05+00:00,"I am doing great...
How about you...",,,binanceexchange
20044189,6690546079,2026-08-24 06:48:45+00:00,Good Morning Teresa...,,,binanceexchange
20044188,6690546079,2026-08-24 06:48:44+00:00,,,,binanceexchange
20044187,7777656733,2026-08-24 06:48:16+00:00,how are you sir🫡,,,binanceexchange
20044186,6690546079,2026-08-24 06:47:53+00:00,Good Morning..,,"MessageReplies(replies=1, replies_pts=29768117, comments=False, recent_repliers=[], channel_id=None, max_id=20044198, read_max_id=None)",binanceexchange
20044185,6690546079,2026-08-24 06:47:52+00:00,,,,binanceexchange
20044184,6690546079,2026-08-24 06:47:06+00:00,Good Morning...,,"MessageReplies(replies=0, replies_pts=29768118, comments=False, recent_repliers=[], channel_id=None, max_id=None, read_max_id=None)",binanceexchange
20044183,6690546079,2026-08-24 06:47:06+00:00,,,,binanceexchange
20044182,6690546079,2026-08-24 06:46:33+00:00,Hi Good Morning...,,"MessageReplies(replies=0, replies_pts=29768117, comments=False, recent_repliers=[], channel_id=None, max_id=None, read_max_id=None)",binanceexchange
20044181,6690546079,2026-08-24 06:46:29+00:00,,,,binanceexchange
20044180,6690546079,2026-08-24 06:46:09+00:00,Hi Good Morning..,,"MessageReplies(replies=0, replies_pts=29768118, comments=False, recent_repliers=[], channel_id=None, max_id=None, read_max_id=None)",binanceexchange
20044179,6690546079,2026-08-24 06:46:08+00:00,,,,binanceexchange
20044178,7206215251,2026-08-24 06:41:31+00:00,Good morning,,"MessageReplies(replies=1, replies_pts=29768117, comments=False, recent_repliers=[], channel_id=None, max_id=20044188, read_max_id=None)",binanceexchange
20044177,7777656733,2026-08-24 06:40:24+00:00,Good morning Binance,,"MessageReplies(replies=5, replies_pts=29768117, comments=False, recent_repliers=[], channel_id=None, max_id=20044192, read_max_id=None)",binanceexchange
20044176,5340705899,2026-08-24 06:39:32+00:00,Good morning binancians,,"MessageReplies(replies=1, replies_pts=29768117, comments=False, recent_repliers=[], channel_id=None, max_id=20044183, read_max_id=None)",binanceexchange
20044174,8089873413,2026-08-24 06:02:29+00:00,What's good about boosting?,,"MessageReplies(replies=0, replies_pts=29768118, comments=False, recent_repliers=[], channel_id=None, max_id=None, read_max_id=None)",binanceexchange
20044173,1510649971,2026-08-24 06:01:17+00:00,Hi good morning,,"MessageReplies(replies=1, replies_pts=29768118, comments=False, recent_repliers=[], channel_id=None, max_id=20044181, read_max_id=None)",binanceexchange
20044172,8089873413,2026-08-24 06:00:22+00:00,Hi!,,"MessageReplies(replies=1, replies_pts=29768118, comments=False, recent_repliers=[], channel_id=None, max_id=20044179, read_max_id=None)",binanceexchange
20044171,8089873413,2026-08-24 06:00:06+00:00,,,,binanceexchange
20044169,210944655,2026-08-24 05:45:20+00:00,"Check this user `7434634812`, potential spammer.",,"MessageReplies(replies=0, replies_pts=29768117, comments=False, recent_repliers=[], channel_id=None, max_id=None, read_max_id=None)",binanceexchange
20044166,210944655,2026-08-24 05:27:48+00:00,"Check this user `8968976419`, potential spammer.",,"MessageReplies(replies=0, replies_pts=29768117, comments=False, recent_repliers=[], channel_id=None, max_id=None, read_max_id=None)",binanceexchange
20044165,210944655,2026-08-24 05:27:48+00:00,`8968976419` is spamming with codes.,,"MessageReplies(replies=0, replies_pts=29768117, comments=False, recent_repliers=[], channel_id=None, max_id=None, read_max_id=None)",binanceexchange
20044163,5248603048,2026-08-24 05:23:24+00:00,Good morning All,,"MessageReplies(replies=0, replies_pts=29768117, comments=False, recent_repliers=[], channel_id=None, max_id=None, read_max_id=None)",binanceexchange
20044161,8012925498,2026-08-24 05:15:13+00:00,"How Binance Security Prevented a $1.2M Governance Attack.

https://www.binance.com/en/blog/security/4927395889973763262?ref=UE06QWNK&utm_source=EnglishTelegram&utm_medium=GlobalCommunity&utm_campaign=EnglishAngels",,"MessageReplies(replies=0, replies_pts=29768117, comments=False, recent_repliers=[], channel_id=None, max_id=None, read_max_id=None)",binanceexchange
20044160,996726400,2026-08-24 05:10:02+00:00,Good morning venky 👀,,,binanceexchange
20044159,6690546079,2026-08-24 05:08:29+00:00,Thanks for Highlighting..,,,binanceexchange
20044158,6690546079,2026-08-24 05:07:50+00:00,Good Morning..,,"MessageReplies(replies=1, replies_pts=29768118, comments=False, recent_repliers=[], channel_id=None, max_id=20044160, read_max_id=None)",binanceexchange
20044157,6690546079,2026-08-24 05:07:47+00:00,,,"MessageReplies(replies=0, replies_pts=29768118, comments=False, recent_repliers=[], channel_id=None, max_id=None, read_max_id=None)",binanceexchange
20044156,1302623431,2026-08-24 05:06:14+00:00,"Good morning 
How are you",,,binanceexchange
20044155,1302623431,2026-08-24 05:05:58+00:00,Aaaah,,,binanceexchange
20044154,210944655,2026-08-24 05:05:08+00:00,"@amanbinance @Aminukano @BNB_ANGEL   @dilipbinance @gajender_BNB   @Kerrbox @Naralion  @QuakeBNB @ReGulus18 @Ribka7  @RACNUTA_BNB @catloverS4

⚠️ **WARNING** - Do **NOT** engage with the user **[Money investment] - [**`7820743515`**]**, wait for moderators intervention.",,"MessageReplies(replies=0, replies_pts=29768118, comments=False, recent_repliers=[], channel_id=None, max_id=None, read_max_id=None)",binanceexchange
20044153,6755663673,2026-08-24 05:05:07+00:00,/report,,,binanceexchange
20044152,6755663673,2026-08-24 05:04:46+00:00,@ReGulus18 sir check this user,,,binanceexchange
20044150,6690546079,2026-08-24 05:03:10+00:00,,,,binanceexchange
20044147,6755663673,2026-08-24 04:49:12+00:00,Good morning 🎉,,,binanceexchange
20044144,8752174244,2026-08-24 04:34:57+00:00,👋,,"MessageReplies(replies=0, replies_pts=29768117, comments=False, recent_repliers=[], channel_id=None, max_id=None, read_max_id=None)",binanceexchange
20044143,741798834,2026-08-24 04:23:01+00:00,Good Morning all,,"MessageReplies(replies=2, replies_pts=29768117, comments=False, recent_repliers=[], channel_id=None, max_id=20044156, read_max_id=None)",binanceexchange
20044142,6600476105,2026-08-24 04:21:40+00:00,Good morning too,,"MessageReplies(replies=1, replies_pts=29768117, comments=False, recent_repliers=[], channel_id=None, max_id=20044150, read_max_id=None)",binanceexchange
20044141,6690546079,2026-08-24 04:18:58+00:00,Good Morning!!,,"MessageReplies(replies=0, replies_pts=29768117, comments=False, recent_repliers=[], channel_id=None, max_id=None, read_max_id=None)",binanceexchange
20044140,6690546079,2026-08-24 04:18:47+00:00,,,,binanceexchange
20044139,6755663673,2026-08-24 04:18:03+00:00,Good morning sir...Have a great day... Happy Monday,,,binanceexchange
20044138,5926562042,2026-08-24 04:12:12+00:00,Thank you Sirrr ☺️,,"MessageReplies(replies=0, replies_pts=29768117, comments=False, recent_repliers=[], channel_id=None, max_id=None, read_max_id=None)",binanceexchange
20044137,6690546079,2026-08-24 04:11:32+00:00,Wishing you the same..,,,binanceexchange
20044136,2086418073,2026-08-24 04:11:20+00:00,@sunshinebinance,,,binanceexchange
20044135,5926562042,2026-08-24 04:10:41+00:00,How Was the Weekend Sirrr 🤩Have a Fantastic Start of Monday 😎💛,,,binanceexchange
20044134,2086418073,2026-08-24 04:09:14+00:00,Good Morning and Happy new week bro,,,binanceexchange
20044133,6690546079,2026-08-24 04:08:30+00:00,Good Morning Fahad..,,"MessageReplies(replies=0, replies_pts=29768117, comments=False, recent_repliers=[], channel_id=None, max_id=None, read_max_id=None)",binanceexchange
20044132,6690546079,2026-08-24 04:08:29+00:00,,,,binanceexchange
20044131,6690546079,2026-08-24 04:08:06+00:00,Good Morning Sajid..,,,binanceexchange
20044130,5926562042,2026-08-24 04:00:02+00:00,"Good Morning beautiful people . New week New opportunity, Have a Great start of Week",,"MessageReplies(replies=4, replies_pts=29768115, comments=False, recent_repliers=[], channel_id=None, max_id=20044137, read_max_id=None)",binanceexchange
20044129,7801049844,2026-08-24 03:55:44+00:00,Good Morning 💛,,"MessageReplies(replies=0, replies_pts=29768118, comments=False, recent_repliers=[], channel_id=None, max_id=None, read_max_id=None)",binanceexchange
20044128,6755663673,2026-08-24 03:55:03+00:00,Good morning Binancians 💛,,,binanceexchange
20044127,8028156218,2026-08-24 03:54:13+00:00,Good morning,,"MessageReplies(replies=4, replies_pts=29768118, comments=False, recent_repliers=[], channel_id=None, max_id=20044140, read_max_id=None)",binanceexchange
20044124,210944655,2026-08-24 03:39:19+00:00,"👩🏼‍💻 ........... ....…......, are you searching for **Customer Support?**

ℹ️ If you encounter problems while using Binance services, you can seek solutions on Binance Live Chat by clicking [HERE ](https://binance.com/en/chat?ref=UE06QWNK&utm_source=EnglishTelegram&utm_medium=GlobalCommunity&utm_campaign=InfoBot)or from the mobile app. The AI bot will suggest solutions based on the information that you provide. 

ℹ️ **To Talk to CS Agent (Human Operator).
**
**Click ""Unsolved"" after bot gave an answer, followed by ""Not relevant"" button and then you get the option ""Transfer to Customer Service""**

ℹ️ You can also search for answers by visiting the [Binance FAQ](https://www.binance.com/en/support/faq?ref=UE06QWNK&utm_source=EnglishTelegram&utm_medium=GlobalCommunity&utm_campaign=InfoBot) page in English; if you still cannot find a solution, please contact a live operator via Binance Live Chat using the guide from [HERE](https://www.binance.com/en/support/faq/how-to-use-binance-support-7b0fd3ccb821483a99ff8f5cda374ee9?ref=UE06QWNK&utm_source=EnglishTelegram&utm_medium=GlobalCommunity&utm_campaign=InfoBot).

⚠️ Ignore any form of private messages, administrators or angels will NEVER contact you via a private message. Choosing to answer any **private messages** represents a high **security risk**. Block and ignore any requests!",,"MessageReplies(replies=0, replies_pts=29768118, comments=False, recent_repliers=[], channel_id=None, max_id=None, read_max_id=None)",binanceexchange
20044123,6753988569,2026-08-24 03:39:18+00:00,#support,,,binanceexchange
20044122,5159062569,2026-08-24 03:37:21+00:00,"It has now been almost two months, and I have provided all the requested videos, photos, ID verification, wallet-control evidence, and transaction details.",,"MessageReplies(replies=1, replies_pts=29768118, comments=False, recent_repliers=[], channel_id=None, max_id=20044123, read_max_id=None)",binanceexchange
20044121,5461871111,2026-08-24 03:37:03+00:00,GM 🔆,,"MessageReplies(replies=0, replies_pts=29768118, comments=False, recent_repliers=[], channel_id=None, max_id=None, read_max_id=None)",binanceexchange
20044120,210944655,2026-08-24 03:36:49+00:00,`5159062569` might be spamming with codes.,,"MessageReplies(replies=0, replies_pts=29768118, comments=False, recent_repliers=[], channel_id=None, max_id=None, read_max_id=None)",binanceexchange
20044118,210944655,2026-08-24 03:36:40+00:00,"🔸**Binance English  Admins & Angels: **
@melekbinance, @Ribka7, @Naralion , @ReGulus18, @QuakeBNB, @RACNUTA_BNB, @Sayedbinance, @Aminukano, @amanbinance, @BNB_ANGEL, @gajender_BNB , @dilipbinance,",,,binanceexchange
20044117,6753988569,2026-08-24 03:36:39+00:00,#admin,,,binanceexchange
20044116,6753988569,2026-08-24 03:36:24+00:00,Soon bro,,,binanceexchange
20044115,6244862584,2026-08-24 03:35:48+00:00,Good morning,,"MessageReplies(replies=0, replies_pts=29768117, comments=False, recent_repliers=[], channel_id=None, max_id=None, read_max_id=None)",binanceexchange
20044114,2062079827,2026-08-24 03:33:09+00:00,Good morning,,,binanceexchange
20044113,210944655,2026-08-24 03:33:04+00:00,"👩🏼‍💻 ........... ....…......, are you searching for **Customer Support?**

ℹ️ If you encounter problems while using Binance services, you can seek solutions on Binance Live Chat by clicking [HERE ](https://binance.com/en/chat?ref=UE06QWNK&utm_source=EnglishTelegram&utm_medium=GlobalCommunity&utm_campaign=InfoBot)or from the mobile app. The AI bot will suggest solutions based on the information that you provide. 

ℹ️ **To Talk to CS Agent (Human Operator).
**
**Click ""Unsolved"" after bot gave an answer, followed by ""Not relevant"" button and then you get the option ""Transfer to Customer Service""**

ℹ️ You can also search for answers by visiting the [Binance FAQ](https://www.binance.com/en/support/faq?ref=UE06QWNK&utm_source=EnglishTelegram&utm_medium=GlobalCommunity&utm_campaign=InfoBot) page in English; if you still cannot find a solution, please contact a live operator via Binance Live Chat using the guide from [HERE](https://www.binance.com/en/support/faq/how-to-use-binance-support-7b0fd3ccb821483a99ff8f5cda374ee9?ref=UE06QWNK&utm_source=EnglishTelegram&utm_medium=GlobalCommunity&utm_campaign=InfoBot).

⚠️ Ignore any form of private messages, administrators or angels will NEVER contact you via a private message. Choosing to answer any **private messages** represents a high **security risk**. Block and ignore any requests!",,"MessageReplies(replies=0, replies_pts=29768117, comments=False, recent_repliers=[], channel_id=None, max_id=None, read_max_id=None)",binanceexchange
20044112,2062079827,2026-08-24 03:33:03+00:00,"Please ask in #Support for assistance. Note that there is no official support on Telegram, so be cautious of scams and avoid engaging with unsolicited messages or sharing any personal information.",,,binanceexchange
20044111,6913278195,2026-08-24 03:25:11+00:00,Good morning,,"MessageReplies(replies=1, replies_pts=29768117, comments=False, recent_repliers=[], channel_id=None, max_id=20044114, read_max_id=None)",binanceexchange
20044110,5159062569,2026-08-24 03:20:18+00:00,"It has now been almost **two months**, and I have fully provided all the requested **videos, photos, ID verification, wallet-control evidence, and transaction details**.
Please tell me clearly: **what exactly do you still need from me?** I have continued providing everything requested, but each time there seems to be another requirement.
I am ready to cooperate, but I need to know specifically **what is still missing so this recovery case can finally be resolved.**",,"MessageReplies(replies=3, replies_pts=29768117, comments=False, recent_repliers=[], channel_id=None, max_id=20044118, read_max_id=None)",binanceexchange
20044109,5159062569,2026-08-24 03:19:05+00:00,"Hello Binance Support, it has now been almost two months since I started requesting help with my asset recovery. I have fully cooperated and provided all the requested videos, photos, ID verification, wallet evidence, and transaction details.

I understand the need for security checks, but after two months of repeatedly providing evidence, I would really appreciate a clear explanation of what is still missing and why my case has not yet been resolved.

Please review everything I have already submitted and help bring this case to a resolution. Thank you.",,"MessageReplies(replies=0, replies_pts=29768118, comments=False, recent_repliers=[], channel_id=None, max_id=None, read_max_id=None)",binanceexchange
20044108,5159062569,2026-08-24 03:16:59+00:00,"Hello Binance Support Team,

I need some clarification regarding my ongoing asset recovery case.

I have been cooperating fully and have already provided my ID card, TxID, transaction details, source wallet address, destination Binance hot-wallet address, and the requested video showing my control/access to the source wallet using Electrum. I have also provided the Electrum download information requested by support.

My concern is: why do I keep being asked for more and more evidence when I have already provided extensive information to establish my identity and control of the wallet?

I completely understand that Binance must follow strict security procedures before recovering assets. However, I would appreciate it if someone could clearly explain what exactly is still missing or has not yet been verified.

I am willing to cooperate with any legitimate verification requirement, but I would like the review team to consider all the evidence I have already submitted and tell me specifically what additional verification is necessary and why.

For security reasons, I will not share my private key or seed phrase with anyone, including through Telegram.

Thank you. I would appreciate assistance from an official Binance representative regarding this case.",,"MessageReplies(replies=2, replies_pts=29768115, comments=False, recent_repliers=[], channel_id=None, max_id=20044226, read_max_id=None)",binanceexchange
20044105,2086418073,2026-08-24 03:11:34+00:00,"Winner will be announced soon, keep eye on announcement channel💛",,,binanceexchange
20044104,2086418073,2026-08-24 03:11:04+00:00,Good Morning,,"MessageReplies(replies=0, replies_pts=29768117, comments=False, recent_repliers=[], channel_id=None, max_id=None, read_max_id=None)",binanceexchange
20044102,7452920805,2026-08-24 03:10:47+00:00,When will the winners be announced?,,,binanceexchange
20044100,5248603048,2026-08-24 03:08:58+00:00,Good morning,,"MessageReplies(replies=0, replies_pts=29768118, comments=False, recent_repliers=[], channel_id=None, max_id=None, read_max_id=None)",binanceexchange
20044099,6662527143,2026-08-24 02:35:35+00:00,Good morning everyone,,"MessageReplies(replies=0, replies_pts=29768115, comments=False, recent_repliers=[], channel_id=None, max_id=None, read_max_id=None)",binanceexchange
20044098,1973183312,2026-08-24 02:33:03+00:00,Thank you guys,,,binanceexchange
20044097,884797251,2026-08-24 02:32:15+00:00,Banned from here. If you reported it will help i just did so as well,,,binanceexchange
20044092,6311741493,2026-08-24 02:11:00+00:00,"What he does with you , write it on the report",,,binanceexchange
20044091,1973183312,2026-08-24 02:10:01+00:00,"I see.

What should I write in the report?",,,binanceexchange
20044090,6216549680,2026-08-24 02:09:37+00:00,.,,"MessageReplies(replies=0, replies_pts=29768117, comments=False, recent_repliers=[], channel_id=None, max_id=None, read_max_id=None)",binanceexchange
20044089,6311741493,2026-08-24 02:08:38+00:00,You can see 3dot icon at your screen in top right corner click on it you can see a report option tap on it and simply report him,,,binanceexchange
20044088,1973183312,2026-08-24 02:06:52+00:00,How report?,,,binanceexchange
20044087,6311741493,2026-08-24 02:05:28+00:00,Just report & block him . Stay Safu,,,binanceexchange
20044081,1973183312,2026-08-24 01:04:00+00:00,"CraigJonesGroupIBxL11
This id is a fake account",,"MessageReplies(replies=7, replies_pts=29768115, comments=False, recent_repliers=[], channel_id=None, max_id=20044098, read_max_id=None)",binanceexchange
20044080,1973183312,2026-08-24 01:03:43+00:00,Damn,,"MessageReplies(replies=0, replies_pts=29768117, comments=False, recent_repliers=[], channel_id=None, max_id=None, read_max_id=None)",binanceexchange
20044079,210944655,2026-08-24 01:03:40+00:00,`1973183312` might be spamming with codes.,,"MessageReplies(replies=0, replies_pts=29768117, comments=False, recent_repliers=[], channel_id=None, max_id=None, read_max_id=None)",binanceexchange
20044077,210944655,2026-08-24 01:03:23+00:00,`1973183312` might be spamming with codes.,,"MessageReplies(replies=0, replies_pts=29768117, comments=False, recent_repliers=[], channel_id=None, max_id=None, read_max_id=None)",binanceexchange
20044075,1973183312,2026-08-24 01:02:47+00:00,Can you show me?,,,binanceexchange
20044074,6841656568,2026-08-24 01:02:03+00:00,Go to their profile tap the three dots in the top right and select Report,,,binanceexchange
20044073,1973183312,2026-08-24 00:57:55+00:00,Only a fake account,,"MessageReplies(replies=2, replies_pts=29768118, comments=False, recent_repliers=[], channel_id=None, max_id=20044075, read_max_id=None)",binanceexchange
20044072,1973183312,2026-08-24 00:57:37+00:00,No,,,binanceexchange
20044071,6841656568,2026-08-24 00:57:16+00:00,Is the fake account one of the group members?,,,binanceexchange
20044070,1973183312,2026-08-24 00:55:31+00:00,How can i report a fake account???,,,binanceexchange
20044069,869562253,2026-08-24 00:54:47+00:00,"Good evening or good morning, depending on the time zone.",,"MessageReplies(replies=3, replies_pts=29768115, comments=False, recent_repliers=[], channel_id=None, max_id=20044072, read_max_id=None)",binanceexchange
20044068,210944655,2026-08-24 00:54:32+00:00,"ORG X4  **__You Can Start From our Academy for free following the links below! 🎓📚__**

🏷️ [Welcome to Crypto](https://academy.binance.com/en/start-here/?ref=UE06QWNK&utm_source=EnglishTelegram&utm_medium=GlobalCommunity&utm_campaign=InfoBot)

📚 [Tutorials](https://academy.binance.com/en/articles/tags/tutorials?ref=UE06QWNK&utm_source=EnglishTelegram&utm_medium=GlobalCommunity&utm_campaign=InfoBot)

📈 [Technical Analysis](https://academy.binance.com/en/articles/tags/technical-analysis?ref=UE06QWNK&utm_source=EnglishTelegram&utm_medium=GlobalCommunity&utm_campaign=InfoBot)

👛 [Wallets](https://academy.binance.com/en/articles/tags/wallet?ref=UE06QWNK&utm_source=EnglishTelegram&utm_medium=GlobalCommunity&utm_campaign=InfoBot)

🎖 [Essentials](https://academy.binance.com/en/articles/tags/essentials?ref=UE06QWNK&utm_source=EnglishTelegram&utm_medium=GlobalCommunity&utm_campaign=InfoBot)

🎓 [Beginner Track](https://academy.binance.com/en/track/beginner-track?ref=UE06QWNK&utm_source=EnglishTelegram&utm_medium=GlobalCommunity&utm_campaign=InfoBot)

**__Remember to do your own research and consider your investment goals before making any decisions. 🫵__**

Stay **__#SAFU__****__.__**",,"MessageReplies(replies=0, replies_pts=29768117, comments=False, recent_repliers=[], channel_id=None, max_id=None, read_max_id=None)",binanceexchange
20044067,6841656568,2026-08-24 00:54:30+00:00,#academy,,,binanceexchange
20044066,1973183312,2026-08-24 00:54:02+00:00,Scammer?,,"MessageReplies(replies=0, replies_pts=29768117, comments=False, recent_repliers=[], channel_id=None, max_id=None, read_max_id=None)",binanceexchange
20044065,1973183312,2026-08-24 00:53:54+00:00,How can i report a fake account?,,"MessageReplies(replies=1, replies_pts=29768118, comments=False, recent_repliers=[], channel_id=None, max_id=20044230, read_max_id=None)",binanceexchange
20044062,8206310011,2026-08-24 00:47:48+00:00,Can someone explain to me how to get coins?,,"MessageReplies(replies=2, replies_pts=29768117, comments=False, recent_repliers=[], channel_id=None, max_id=20044231, read_max_id=None)",binanceexchange
20044061,1376150713,2026-08-24 00:24:04+00:00,good morning,,"MessageReplies(replies=0, replies_pts=29768115, comments=False, recent_repliers=[], channel_id=None, max_id=None, read_max_id=None)",binanceexchange
20044060,1851847824,2026-08-24 00:06:19+00:00,Good morning all 🍀,,"MessageReplies(replies=0, replies_pts=29768118, comments=False, recent_repliers=[], channel_id=None, max_id=None, read_max_id=None)",binanceexchange
20044059,6817198094,2026-08-24 00:03:06+00:00,GM!,,"MessageReplies(replies=0, replies_pts=29768115, comments=False, recent_repliers=[], channel_id=None, max_id=None, read_max_id=None)",binanceexchange
20044052,6841656568,2026-08-23 23:18:42+00:00,I'm definitely a night owl  🦉,,,binanceexchange
20044051,605149298,2026-08-23 22:58:32+00:00,BTC correction,,"MessageReplies(replies=0, replies_pts=29768115, comments=False, recent_repliers=[], channel_id=None, max_id=None, read_max_id=None)",binanceexchange
20044050,8846528117,2026-08-23 22:57:53+00:00,Olá pessoal ✌️😎,,"MessageReplies(replies=0, replies_pts=29768117, comments=False, recent_repliers=[], channel_id=None, max_id=None, read_max_id=None)",binanceexchange
20044049,1011520149,2026-08-23 22:53:32+00:00,😁,,,binanceexchange
20044048,1498807088,2026-08-23 22:46:42+00:00,Sleeping time bro😂,,,binanceexchange
20044047,1498807088,2026-08-23 22:46:32+00:00,,,"MessageReplies(replies=2, replies_pts=29768117, comments=False, recent_repliers=[], channel_id=None, max_id=20044052, read_max_id=None)",binanceexchange
20044046,1498807088,2026-08-23 22:46:28+00:00,Lol😂😂,,,binanceexchange
20044045,1498807088,2026-08-23 22:46:20+00:00,Good night 😎,,"MessageReplies(replies=0, replies_pts=29768117, comments=False, recent_repliers=[], channel_id=None, max_id=None, read_max_id=None)",binanceexchange
20044043,1124310330,2026-08-23 22:42:34+00:00,Hi fam,,"MessageReplies(replies=0, replies_pts=29768117, comments=False, recent_repliers=[], channel_id=None, max_id=None, read_max_id=None)",binanceexchange
20044040,7828631016,2026-08-23 22:41:38+00:00,Good morning! Happy monday 💛,,"MessageReplies(replies=0, replies_pts=29768118, comments=False, recent_repliers=[], channel_id=None, max_id=None, read_max_id=None)",binanceexchange
20044039,6841656568,2026-08-23 22:30:01+00:00,,,,binanceexchange
20044037,8846528117,2026-08-23 22:15:15+00:00,Olá pessoal,,"MessageReplies(replies=0, replies_pts=29768117, comments=False, recent_repliers=[], channel_id=None, max_id=None, read_max_id=None)",binanceexchange
20044033,6265943875,2026-08-23 21:36:30+00:00,What is going on here,,"MessageReplies(replies=0, replies_pts=29768115, comments=False, recent_repliers=[], channel_id=None, max_id=None, read_max_id=None)",binanceexchange
20044029,7891116297,2026-08-23 21:32:20+00:00,What is going on here,,"MessageReplies(replies=0, replies_pts=29768118, comments=False, recent_repliers=[], channel_id=None, max_id=None, read_max_id=None)",binanceexchange
20044028,6283677931,2026-08-23 21:14:41+00:00,,,"MessageReplies(replies=5, replies_pts=29768117, comments=False, recent_repliers=[], channel_id=None, max_id=20044234, read_max_id=None)",binanceexchange
20044027,210944655,2026-08-23 20:49:48+00:00,"Ruslan Anderson, we also have a group dedicated to [Binance Russia](https://t.me/BinanceRussianSpeaking).",,"MessageReplies(replies=0, replies_pts=29768118, comments=False, recent_repliers=[], channel_id=None, max_id=None, read_max_id=None)",binanceexchange
20044024,6283677931,2026-08-23 20:44:54+00:00,,,"MessageReplies(replies=0, replies_pts=29768117, comments=False, recent_repliers=[], channel_id=None, max_id=None, read_max_id=None)",binanceexchange
20044023,8248823111,2026-08-23 20:28:41+00:00,😁,,"MessageReplies(replies=0, replies_pts=29768118, comments=False, recent_repliers=[], channel_id=None, max_id=None, read_max_id=None)",binanceexchange
20044022,6283677931,2026-08-23 20:16:28+00:00,,,"MessageReplies(replies=0, replies_pts=29768117, comments=False, recent_repliers=[], channel_id=None, max_id=None, read_max_id=None)",binanceexchange
20044021,210944655,2026-08-23 20:15:12+00:00,`804863336` might be spamming with codes.,,"MessageReplies(replies=0, replies_pts=29768118, comments=False, recent_repliers=[], channel_id=None, max_id=None, read_max_id=None)",binanceexchange
20044019,2056772993,2026-08-23 20:15:05+00:00,"Ribka, how is your city? 

I mean, what sound can you hear currently?",,"MessageReplies(replies=0, replies_pts=29768118, comments=False, recent_repliers=[], channel_id=None, max_id=None, read_max_id=None)",binanceexchange
20044018,8604907585,2026-08-23 20:09:17+00:00,"Okay, thanks",,,binanceexchange
20044017,611740329,2026-08-23 20:08:15+00:00,I removed the screen shot from here so nobody else can use it,,"MessageReplies(replies=1, replies_pts=29768118, comments=False, recent_repliers=[], channel_id=None, max_id=20044018, read_max_id=None)",binanceexchange
20044016,611740329,2026-08-23 20:07:34+00:00,,,,binanceexchange
20044015,8604907585,2026-08-23 20:07:15+00:00,"Yes, it's the same.",,,binanceexchange
20044014,611740329,2026-08-23 20:06:43+00:00,Noted ✅️ is the buid the same like you send before ?,,,binanceexchange
20044011,611740329,2026-08-23 19:59:43+00:00,Im not allowed to message first. You can place it here I will check it,,,binanceexchange
20044010,611740329,2026-08-23 19:59:05+00:00,Same boat 🚢,,,binanceexchange
20044009,8604907585,2026-08-23 19:58:24+00:00,Good evening. I'm having trouble sending a DM about the screenshot of this week's Kahoot. It says you should message me first.,,,binanceexchange
20044008,918503070,2026-08-23 19:44:56+00:00,,,,binanceexchange
20044007,8521292758,2026-08-23 19:43:46+00:00,,,,binanceexchange
20044005,6283677931,2026-08-23 19:41:06+00:00,,,,binanceexchange
20044004,8521292758,2026-08-23 19:40:55+00:00,Wow really? Here it's becoming rarer,,,binanceexchange
20044003,7875965951,2026-08-23 19:40:50+00:00,,,,binanceexchange
20044002,2065947646,2026-08-23 19:40:25+00:00,😢,,"MessageReplies(replies=0, replies_pts=29768118, comments=False, recent_repliers=[], channel_id=None, max_id=None, read_max_id=None)",binanceexchange
20044001,2065947646,2026-08-23 19:40:20+00:00,I’ve never seen snow; it has never snowed in my city.,,,binanceexchange
20044000,6283677931,2026-08-23 19:38:34+00:00,,,,binanceexchange
20043999,7875965951,2026-08-23 19:37:35+00:00,,,,binanceexchange
20043998,8521292758,2026-08-23 19:37:08+00:00,"Ohh great, enjoy the snow and christmas 🐇",,,binanceexchange
20043997,6283677931,2026-08-23 19:37:00+00:00,,,,binanceexchange
20043996,8521292758,2026-08-23 19:36:48+00:00,,,,binanceexchange
20043995,2065947646,2026-08-23 19:35:44+00:00,"all fine here, in winter 😊",,,binanceexchange
20043994,7875965951,2026-08-23 19:35:43+00:00,I'm completely relaxed,,,binanceexchange
20043993,8521292758,2026-08-23 19:34:29+00:00,How are you? How's paradize?,,,binanceexchange
20043992,8521292758,2026-08-23 19:34:12+00:00,,,,binanceexchange
20043991,2065947646,2026-08-23 19:34:09+00:00,,,,binanceexchange
20043990,8521292758,2026-08-23 19:33:48+00:00,Henlo,,,binanceexchange
20043988,7517999918,2026-08-23 19:29:56+00:00,Wher you from,,"MessageReplies(replies=0, replies_pts=29768118, comments=False, recent_repliers=[], channel_id=None, max_id=None, read_max_id=None)",binanceexchange
20043985,7517999918,2026-08-23 19:28:16+00:00,Ok,,,binanceexchange
20043983,7517999918,2026-08-23 19:27:58+00:00,Good pice,,"MessageReplies(replies=0, replies_pts=29768118, comments=False, recent_repliers=[], channel_id=None, max_id=None, read_max_id=None)",binanceexchange
20043981,6964874762,2026-08-23 19:27:35+00:00,Token not found,,,binanceexchange
20043976,7517999918,2026-08-23 19:26:46+00:00,Bnb,,"MessageReplies(replies=0, replies_pts=29768118, comments=False, recent_repliers=[], channel_id=None, max_id=None, read_max_id=None)",binanceexchange
20043973,7517999918,2026-08-23 19:25:49+00:00,Yes,,"MessageReplies(replies=0, replies_pts=29768118, comments=False, recent_repliers=[], channel_id=None, max_id=None, read_max_id=None)",binanceexchange
20043969,918503070,2026-08-23 19:21:55+00:00,Binance 😉,,,binanceexchange
20043968,6283677931,2026-08-23 19:19:49+00:00,,,"MessageReplies(replies=0, replies_pts=29768117, comments=False, recent_repliers=[], channel_id=None, max_id=None, read_max_id=None)",binanceexchange
20043966,6479261516,2026-08-23 19:17:24+00:00,Hey everyone,,"MessageReplies(replies=0, replies_pts=29768118, comments=False, recent_repliers=[], channel_id=None, max_id=None, read_max_id=None)",binanceexchange
20043964,8680910806,2026-08-23 19:17:16+00:00,Bro I am blocking instantly scammers,,,binanceexchange
20043963,1581203887,2026-08-23 19:15:42+00:00,Whose bibi 😂,,,binanceexchange
20043962,918503070,2026-08-23 19:10:28+00:00,"I liked BIBI too much 
I hope it comes to me soon 💓",,,binanceexchange
20043961,2065947646,2026-08-23 19:09:48+00:00,,,,binanceexchange
20043960,918503070,2026-08-23 19:09:23+00:00,,,,binanceexchange
20043959,1302623431,2026-08-23 19:08:24+00:00,Congratulations 🎊,,,binanceexchange
20043958,2065947646,2026-08-23 19:05:51+00:00,,,,binanceexchange
20043955,918503070,2026-08-23 19:05:08+00:00,🆒,,,binanceexchange
20043954,2065947646,2026-08-23 19:04:50+00:00,,,,binanceexchange
20043953,918503070,2026-08-23 19:04:20+00:00,How is your trading going on,,,binanceexchange
20043951,918503070,2026-08-23 19:03:21+00:00,"@RACNUTA_BNB sir ....
You're not present at that time thou....",,,binanceexchange
20043950,2065947646,2026-08-23 19:01:33+00:00,,,"MessageReplies(replies=18, replies_pts=29768117, comments=False, recent_repliers=[], channel_id=None, max_id=20044008, read_max_id=None)",binanceexchange
20043949,918503070,2026-08-23 19:01:16+00:00,Need your gif reaction rn,,"MessageReplies(replies=0, replies_pts=29768118, comments=False, recent_repliers=[], channel_id=None, max_id=None, read_max_id=None)",binanceexchange
20043948,918503070,2026-08-23 19:00:54+00:00,,,,binanceexchange
20043947,918503070,2026-08-23 19:00:36+00:00,,,,binanceexchange
20043946,2065947646,2026-08-23 18:51:07+00:00,,,"MessageReplies(replies=3, replies_pts=29768118, comments=False, recent_repliers=[], channel_id=None, max_id=20043964, read_max_id=None)",binanceexchange
20043945,8680910806,2026-08-23 18:47:36+00:00,Ok,,,binanceexchange
20043944,2065947646,2026-08-23 18:47:04+00:00,@ashu_antil9630 👆,,,binanceexchange
20043941,6283677931,2026-08-23 18:44:59+00:00,@RACNUTA_BNB,,,binanceexchange
20043940,210944655,2026-08-23 18:44:19+00:00,"@amanbinance @Aminukano @BNB_ANGEL   @dilipbinance @gajender_BNB   @Kerrbox @Naralion  @QuakeBNB @ReGulus18 @Ribka7  @RACNUTA_BNB @catloverS4

⚠️ **WARNING** - Do **NOT** engage with the user **[Vyukem] - [**`1503315717`**]**, wait for moderators intervention.",,"MessageReplies(replies=0, replies_pts=29768118, comments=False, recent_repliers=[], channel_id=None, max_id=None, read_max_id=None)",binanceexchange
20043939,6283677931,2026-08-23 18:44:18+00:00,/report,,,binanceexchange
20043938,210944655,2026-08-23 18:44:14+00:00,"🔸**Binance English  Admins & Angels: **
@melekbinance, @Ribka7, @Naralion , @ReGulus18, @QuakeBNB, @RACNUTA_BNB, @Sayedbinance, @Aminukano, @amanbinance, @BNB_ANGEL, @gajender_BNB , @dilipbinance,",,,binanceexchange
20043937,6283677931,2026-08-23 18:44:12+00:00,#admin,,,binanceexchange
20043935,8041302808,2026-08-23 18:43:30+00:00,Thanks guys. I appreciate your consideration,,,binanceexchange
20043934,8680910806,2026-08-23 18:39:19+00:00,Bro How to use binance Kryptomate,,,binanceexchange
20043933,8680910806,2026-08-23 18:38:22+00:00,Hmm bro,,,binanceexchange
20043932,6283677931,2026-08-23 18:35:48+00:00,,,"MessageReplies(replies=3, replies_pts=29768118, comments=False, recent_repliers=[], channel_id=None, max_id=20043938, read_max_id=None)",binanceexchange
20043931,1581203887,2026-08-23 18:34:37+00:00,Seeing u here 😁,,,binanceexchange
20043930,8688583573,2026-08-23 18:34:25+00:00,"If you want to learn trade, you first need to lay the foundations of this business. You should improve yourself in areas such as following the markets and reading charts. Patience is one of the most important virtues in this business, acting hastily usually results in loss. You have to create your own strategy and stick to it. Risk management is also a must, you should always remember to stop loss. You have to be open to continuous learning, because the markets are constantly changing. As you start small and gain experience,",,,binanceexchange
20043929,8680910806,2026-08-23 18:34:13+00:00,Yeah,,,binanceexchange
20043928,1581203887,2026-08-23 18:33:43+00:00,What a surprise 😁,,,binanceexchange
20043927,8680910806,2026-08-23 18:33:21+00:00,3670+ messages 😂😂,,"MessageReplies(replies=4, replies_pts=29768118, comments=False, recent_repliers=[], channel_id=None, max_id=20043933, read_max_id=None)",binanceexchange
20043925,2065947646,2026-08-23 18:28:34+00:00,@Hamson42 check here,,,binanceexchange
20043923,8041302808,2026-08-23 18:27:58+00:00,Can you help me through all,,,binanceexchange
20043922,6283677931,2026-08-23 18:26:45+00:00,,,,binanceexchange
20043921,1203025138,2026-08-23 18:26:35+00:00,Learn first,,,binanceexchange
20043920,210944655,2026-08-23 18:26:15+00:00,"Hamson Kwesiga  **__You Can Start From our Academy for free following the links below! 🎓📚__**

🏷️ [Welcome to Crypto](https://academy.binance.com/en/start-here/?ref=UE06QWNK&utm_source=EnglishTelegram&utm_medium=GlobalCommunity&utm_campaign=InfoBot)

📚 [Tutorials](https://academy.binance.com/en/articles/tags/tutorials?ref=UE06QWNK&utm_source=EnglishTelegram&utm_medium=GlobalCommunity&utm_campaign=InfoBot)

📈 [Technical Analysis](https://academy.binance.com/en/articles/tags/technical-analysis?ref=UE06QWNK&utm_source=EnglishTelegram&utm_medium=GlobalCommunity&utm_campaign=InfoBot)

👛 [Wallets](https://academy.binance.com/en/articles/tags/wallet?ref=UE06QWNK&utm_source=EnglishTelegram&utm_medium=GlobalCommunity&utm_campaign=InfoBot)

🎖 [Essentials](https://academy.binance.com/en/articles/tags/essentials?ref=UE06QWNK&utm_source=EnglishTelegram&utm_medium=GlobalCommunity&utm_campaign=InfoBot)

🎓 [Beginner Track](https://academy.binance.com/en/track/beginner-track?ref=UE06QWNK&utm_source=EnglishTelegram&utm_medium=GlobalCommunity&utm_campaign=InfoBot)

**__Remember to do your own research and consider your investment goals before making any decisions. 🫵__**

Stay **__#SAFU__****__.__**",,"MessageReplies(replies=4, replies_pts=29768118, comments=False, recent_repliers=[], channel_id=None, max_id=20043945, read_max_id=None)",binanceexchange
20043919,6283677931,2026-08-23 18:26:14+00:00,#Academy,,,binanceexchange
20043918,6283677931,2026-08-23 18:26:02+00:00,,,"MessageReplies(replies=0, replies_pts=29768117, comments=False, recent_repliers=[], channel_id=None, max_id=None, read_max_id=None)",binanceexchange
20043917,1293744625,2026-08-23 18:25:52+00:00,I am back after 4 years. What is the hottest meme coin in the market now?,,"MessageReplies(replies=1, replies_pts=29768118, comments=False, recent_repliers=[], channel_id=None, max_id=20043922, read_max_id=None)",binanceexchange
20043916,8041302808,2026-08-23 18:24:29+00:00,I want to trade,,"MessageReplies(replies=5, replies_pts=29768117, comments=False, recent_repliers=[], channel_id=None, max_id=20044233, read_max_id=None)",binanceexchange
20043915,210944655,2026-08-23 18:22:47+00:00,"@amanbinance @Aminukano @BNB_ANGEL   @dilipbinance @gajender_BNB   @Kerrbox @Naralion  @QuakeBNB @ReGulus18 @Ribka7  @RACNUTA_BNB @catloverS4

⚠️ **WARNING** - Do **NOT** engage with the user **[snow man] - [**`6542926505`**]**, wait for moderators intervention.",,"MessageReplies(replies=0, replies_pts=29768118, comments=False, recent_repliers=[], channel_id=None, max_id=None, read_max_id=None)",binanceexchange
20043914,5146759073,2026-08-23 18:21:46+00:00,/report,,,binanceexchange
20043910,8043278889,2026-08-23 18:18:45+00:00,👍,,"MessageReplies(replies=0, replies_pts=29768118, comments=False, recent_repliers=[], channel_id=None, max_id=None, read_max_id=None)",binanceexchange
20043909,6283677931,2026-08-23 18:18:14+00:00,,,"MessageReplies(replies=0, replies_pts=29768117, comments=False, recent_repliers=[], channel_id=None, max_id=None, read_max_id=None)",binanceexchange
20043904,8043278889,2026-08-23 18:10:43+00:00,👍,,"MessageReplies(replies=0, replies_pts=29768118, comments=False, recent_repliers=[], channel_id=None, max_id=None, read_max_id=None)",binanceexchange
20043903,6283677931,2026-08-23 18:08:39+00:00,,,,binanceexchange
20043902,8105227793,2026-08-23 18:08:02+00:00,Good night everyone,,"MessageReplies(replies=0, replies_pts=29768118, comments=False, recent_repliers=[], channel_id=None, max_id=None, read_max_id=None)",binanceexchange
20043901,5926562042,2026-08-23 18:07:55+00:00,This is what happens when your portfolio goes -90% and your only support system is a friend with a mug 😂,,,binanceexchange
20043900,2065947646,2026-08-23 18:07:39+00:00,,,,binanceexchange
20043899,6283677931,2026-08-23 18:03:31+00:00,,,,binanceexchange
20043898,7333337954,2026-08-23 18:01:49+00:00,Hi,,,binanceexchange
20043897,5565785441,2026-08-23 18:01:13+00:00,U are Rich 💰,,,binanceexchange
20043893,6755663673,2026-08-23 17:54:46+00:00,,,,binanceexchange
20043892,6283677931,2026-08-23 17:53:02+00:00,,,,binanceexchange
20043891,6755663673,2026-08-23 17:50:29+00:00,I don’t  find ur name... I Can't  find my name too 😁,,,binanceexchange
20043890,6283677931,2026-08-23 17:49:51+00:00,where is my name 🫢😂😂,,,binanceexchange
